5810 SE Reedway St,", Portland OR","5810 SE Reedway St, Portland OR",20153505 N Willis Blvd,", Portland OR","3505 N Willis Blvd, Portland OR",20155030 NE 28th Ave,", Portland OR","5030 NE 28th Ave, Portland OR",20151616 SE 87th Ave,", Portland OR","1616 SE 87th Ave, Portland OR",20153344 SW Palatine St,", Portland OR","3344 SW Palatine St, Portland OR",20153910 SE 34th Ave,", Portland OR","3910 SE 34th Ave, Portland OR",20155117 SE Cora St,", Portland OR","5117 SE Cora St, Portland OR",20154439 N Willis Blvd,", Portland OR","4439 N Willis Blvd, Portland OR",20152937 NE Rosa Parks Way,", Portland OR","2937 NE Rosa Parks Way, Portland OR",20152925 NE Rosa Parks Way,", Portland OR","2925 NE Rosa Parks Way, Portland OR",20151208 SE Ankeny St,", Portland OR","1208 SE Ankeny St, Portland OR",20155018 SE Carlton St,", Portland OR","5018 SE Carlton St, Portland OR",20156325 SE 48th Ave,", Portland OR","6325 SE 48th Ave, Portland OR",20155606 N Greeley Ave,", Portland OR","5606 N Greeley Ave, Portland OR",20158515 SE 21st Ave,", Portland OR","8515 SE 21st Ave, Portland OR",20155737 N Albina Ave,", Portland OR","5737 N Albina Ave, Portland OR",20156305 NE 27th Ave,", Portland OR","6305 NE 27th Ave, Portland OR",20153836 SE 26th Ave,", Portland OR","3836 SE 26th Ave, Portland OR",20151416 SE Clatsop St,", Portland OR","1416 SE Clatsop St, Portland OR",20154524 SE 41st Ave,", Portland OR","4524 SE 41st Ave, Portland OR",20151201 NE Holland St,", Portland OR","1201 NE Holland St, Portland OR",2015904 SW Gibbs St,", Portland OR","904 SW Gibbs St, Portland OR",20158226 SE 63rd Ave,", Portland OR","8226 SE 63rd Ave, Portland OR",2015836 SW Gibbs St,", Portland OR","836 SW Gibbs St, Portland OR",20152007 SE Yamhill St,", Portland OR","2007 SE Yamhill St, Portland OR",20156856 N Greenwich Ave,", Portland OR","6856 N Greenwich Ave, Portland OR",20153620 NE 43rd Ave,", Portland OR","3620 NE 43rd Ave, Portland OR",20154431 SW Coronado St,", Portland OR","4431 SW Coronado St, Portland OR",20152486 NW Raleigh St,", Portland OR","2486 NW Raleigh St, Portland OR",20152581 NE 30th Ave,", Portland OR","2581 NE 30th Ave, Portland OR",20156846 N Greenwich Ave,", Portland OR","6846 N Greenwich Ave, Portland OR",20153942 NE 76th Ave,", Portland OR","3942 NE 76th Ave, Portland OR",20158205 SE 69th Ave,", Portland OR","8205 SE 69th Ave, Portland OR",20155919 NE 11th Ave,", Portland OR","5919 NE 11th Ave, Portland OR",20151722 NE Liberty St,", Portland OR","1722 NE Liberty St, Portland OR",20151515 SE 44th Ave,", Portland OR","1515 SE 44th Ave, Portland OR",20154805 NE Garfield Ave,", Portland OR","4805 NE Garfield Ave, Portland OR",20153535 SW Logan St,", Portland OR","3535 SW Logan St, Portland OR",2015935 N Webster St,", Portland OR","935 N Webster St, Portland OR",2015524 NE 128th Ave,", Portland OR","524 NE 128th Ave, Portland OR",20154334 SE Hawthorne Blvd,", Portland OR","4334 SE Hawthorne Blvd, Portland OR",20153935 NE Rodney Ave,", Portland OR","3935 NE Rodney Ave, Portland OR",20155747 SE Carlton St,", Portland OR","5747 SE Carlton St, Portland OR",20151724 N Sumner St,", Portland OR","1724 N Sumner St, Portland OR",20153925 NE Rodney Ave,", Portland OR","3925 NE Rodney Ave, Portland OR",20155110 SE 111th Ave,", Portland OR","5110 SE 111th Ave, Portland OR",20151410 NE Junior St,", Portland OR","1410 NE Junior St, Portland OR",2015924 SE Tacoma St,", Portland OR","924 SE Tacoma St, Portland OR",20155205 NE 25th Ave,", Portland OR","5205 NE 25th Ave, Portland OR",20157434 N Charleston Ave,", Portland OR","7434 N Charleston Ave, Portland OR",20156025 SE Lambert St,", Portland OR","6025 SE Lambert St, Portland OR",201510345 SE Ramona St,", Portland OR","10345 SE Ramona St, Portland OR",20153679 SE Knapp St,", Portland OR","3679 SE Knapp St, Portland OR",20156414 NE 34th Ave,", Portland OR","6414 NE 34th Ave, Portland OR",2015633 NE Thompson St,", Portland OR","633 NE Thompson St, Portland OR",2015623 NE Thompson St,", Portland OR","623 NE Thompson St, Portland OR",20153945 NE Mallory Ave,", Portland OR","3945 NE Mallory Ave, Portland OR",20151136 SE Oak St,", Portland OR","1136 SE Oak St, Portland OR",20159138 N Van Houten Ave,", Portland OR","9138 N Van Houten Ave, Portland OR",20152558 SE 109th Ave,", Portland OR","2558 SE 109th Ave, Portland OR",20153721 SE Nehalem St,", Portland OR","3721 SE Nehalem St, Portland OR",20155403 NE 17th Ave,", Portland OR","5403 NE 17th Ave, Portland OR",20151307 NE 111th Ave,", Portland OR","1307 NE 111th Ave, Portland OR",20154005 NE Columbia Blvd,", Portland OR","4005 NE Columbia Blvd, Portland OR",20155605 SE 67th Ave,", Portland OR","5605 SE 67th Ave, Portland OR",20155329 NE 17th Ave,", Portland OR","5329 NE 17th Ave, Portland OR",201512320 SE Reedway St,", Portland OR","12320 SE Reedway St, Portland OR",20154224 SE 101st Ave,", Portland OR","4224 SE 101st Ave, Portland OR",2015537 NE Ainsworth St,", Portland OR","537 NE Ainsworth St, Portland OR",2015343 NE 75th Ave,", Portland OR","343 NE 75th Ave, Portland OR",20154826 N Missouri Ave,", Portland OR","4826 N Missouri Ave, Portland OR",20157104 N Kerby Ave,", Portland OR","7104 N Kerby Ave, Portland OR",20155236 SE Henderson St,", Portland OR","5236 SE Henderson St, Portland OR",20151535 NE Jarrett St,", Portland OR","1535 NE Jarrett St, Portland OR",20155903 SE Knight St,", Portland OR","5903 SE Knight St, Portland OR",20157715 SE 22nd Ave,", Portland OR","7715 SE 22nd Ave, Portland OR",2015342 NE 74th Ave,", Portland OR","342 NE 74th Ave, Portland OR",20151626 NE 9th Ave,", Portland OR","1626 NE 9th Ave, Portland OR",20151926 NE Mason St,", Portland OR","1926 NE Mason St, Portland OR",20151640 SE Tacoma St,", Portland OR","1640 SE Tacoma St, Portland OR",20158500 SE Sherrett St,", Portland OR","8500 SE Sherrett St, Portland OR",20157834 SE Taylor St,", Portland OR","7834 SE Taylor St, Portland OR",20154160 SW Patrick Pl,", Portland OR","4160 SW Patrick Pl, Portland OR",20157471 N Huron Ave,", Portland OR","7471 N Huron Ave, Portland OR",20159232 N Smith St,", Portland OR","9232 N Smith St, Portland OR",20157339 SW 54th Ave,", Portland OR","7339 SW 54th Ave, Portland OR",20152821 N Willis Blvd,", Portland OR","2821 N Willis Blvd, Portland OR",20154005 SE Lambert St,", Portland OR","4005 SE Lambert St, Portland OR",20151017 SE 50th Ave,", Portland OR","1017 SE 50th Ave, Portland OR",20157933 N Courtenay Ave,", Portland OR","7933 N Courtenay Ave, Portland OR",20154525 NE Fremont St,", Portland OR","4525 NE Fremont St, Portland OR",20154515 NE Fremont St,", Portland OR","4515 NE Fremont St, Portland OR",20157345 SW 54th Ave,", Portland OR","7345 SW 54th Ave, Portland OR",2015920 NE Sumner St,", Portland OR","920 NE Sumner St, Portland OR",20157627 SE Milwaukie Ave,", Portland OR","7627 SE Milwaukie Ave, Portland OR",20152602 N Terry St,", Portland OR","2602 N Terry St, Portland OR",20155025 N Amherst St,", Portland OR","5025 N Amherst St, Portland OR",20153215 NE 42nd Ave,", Portland OR","3215 NE 42nd Ave, Portland OR",20155252 NE Multnomah St,", Portland OR","5252 NE Multnomah St, Portland OR",20152658 NW Thurman St,", Portland OR","2658 NW Thurman St, Portland OR",20152652 NW Thurman St,", Portland OR","2652 NW Thurman St, Portland OR",20151221 SE Malden St,", Portland OR","1221 SE Malden St, Portland OR",20151554 NE 74th Ave,", Portland OR","1554 NE 74th Ave, Portland OR",20154511 Southeast Madison Street,", Portland OR","4511 Southeast Madison Street, Portland OR",2015203 North Holland Street,", Portland OR","203 North Holland Street, Portland OR",201510020 Northeast Pacific Street,", Portland OR","10020 Northeast Pacific Street, Portland OR",20155049 Southwest Nevada Court,", Portland OR","5049 Southwest Nevada Court, Portland OR",20157524 Southeast Long Street,", Portland OR","7524 Southeast Long Street, Portland OR",20157974 Southeast 6th Avenue,", Portland OR","7974 Southeast 6th Avenue, Portland OR",20157980 Southeast 6th Avenue,", Portland OR","7980 Southeast 6th Avenue, Portland OR",20155012 Southeast 50th Avenue,", Portland OR","5012 Southeast 50th Avenue, Portland OR",20153416 Northeast Alameda Street,", Portland OR","3416 Northeast Alameda Street, Portland OR",20156223 Southeast Tolman Street,", Portland OR","6223 Southeast Tolman Street, Portland OR",20158052 North Jersey Street,", Portland OR","8052 North Jersey Street, Portland OR",20158330 Southwest 45th Avenue,", Portland OR","8330 Southwest 45th Avenue, Portland OR",20155030 Southeast Harold Street,", Portland OR","5030 Southeast Harold Street, Portland OR",20154065 North Michigan Avenue,", Portland OR","4065 North Michigan Avenue, Portland OR",20156524 Northeast Grand Avenue,", Portland OR","6524 Northeast Grand Avenue, Portland OR",20155414 Southeast Taylor Street,", Portland OR","5414 Southeast Taylor Street, Portland OR",20152024 Southeast Harold Street,", Portland OR","2024 Southeast Harold Street, Portland OR",20154842 Southeast Ogden Street,", Portland OR","4842 Southeast Ogden Street, Portland OR",20154021 Northeast 7th Avenue,", Portland OR","4021 Northeast 7th Avenue, Portland OR",2015625 Northeast Randall Avenue,", Portland OR","625 Northeast Randall Avenue, Portland OR",201513207 Southeast Washington Street,", Portland OR","13207 Southeast Washington Street, Portland OR",20153030 Southeast Rex Street,", Portland OR","3030 Southeast Rex Street, Portland OR",20154444 Southwest Ormandy Way,", Portland OR","4444 Southwest Ormandy Way, Portland OR",20152727 Northeast Brazee Court,", Portland OR","2727 Northeast Brazee Court, Portland OR",20158514 Southwest 46th Avenue,", Portland OR","8514 Southwest 46th Avenue, Portland OR",20157850 Southwest 30th Avenue,", Portland OR","7850 Southwest 30th Avenue, Portland OR",20151450 Southwest Jefferson Street,", Portland OR","1450 Southwest Jefferson Street, Portland OR",20154015 Southwest Alice Street,", Portland OR","4015 Southwest Alice Street, Portland OR",20159221 Southwest 40th Avenue,", Portland OR","9221 Southwest 40th Avenue, Portland OR",20159105 Northeast Sacramento Street,", Portland OR","9105 Northeast Sacramento Street, Portland OR",20152834 Southeast 20th Avenue,", Portland OR","2834 Southeast 20th Avenue, Portland OR",20157028 Southeast Crystal Springs Boulevard,", Portland OR","7028 Southeast Crystal Springs Boulevard, Portland OR",20152224 Southeast 32nd Place,", Portland OR","2224 Southeast 32nd Place, Portland OR",20156608 Southeast 43rd Avenue,", Portland OR","6608 Southeast 43rd Avenue, Portland OR",20155626 Northeast 30th Avenue,", Portland OR","5626 Northeast 30th Avenue, Portland OR",20154909 Southeast Mitchell Street,", Portland OR","4909 Southeast Mitchell Street, Portland OR",20159022 Northeast Irving Street,", Portland OR","9022 Northeast Irving Street, Portland OR",20151806 North Alberta Street,", Portland OR","1806 North Alberta Street, Portland OR",20154319 North Borthwick Avenue,", Portland OR","4319 North Borthwick Avenue, Portland OR",20154270 Southwest Melville Avenue,", Portland OR","4270 Southwest Melville Avenue, Portland OR",20152115 Southeast 44th Avenue,", Portland OR","2115 Southeast 44th Avenue, Portland OR",20156716 North Borthwick Avenue,", Portland OR","6716 North Borthwick Avenue, Portland OR",20157333 North Westanna Avenue,", Portland OR","7333 North Westanna Avenue, Portland OR",20152736 North Hunt Street,", Portland OR","2736 North Hunt Street, Portland OR",20155048 Northeast 8th Avenue,", Portland OR","5048 Northeast 8th Avenue, Portland OR",20154110 Southeast Clinton Street,", Portland OR","4110 Southeast Clinton Street, Portland OR",2015University of Portland,", Portland OR","University of Portland, Portland OR",20155406 North Willamette Boulevard,", Portland OR","5406 North Willamette Boulevard, Portland OR",20155308 North Willamette Boulevard,", Portland OR","5308 North Willamette Boulevard, Portland OR",20155316 North Willamette Boulevard,", Portland OR","5316 North Willamette Boulevard, Portland OR",2015University of Portland,", Portland OR","University of Portland, Portland OR",20155414 North Willamette Boulevard,", Portland OR","5414 North Willamette Boulevard, Portland OR",20154512 Northeast 26th Avenue,", Portland OR","4512 Northeast 26th Avenue, Portland OR",20151414 Southeast Franklin Street,", Portland OR","1414 Southeast Franklin Street, Portland OR",20151109 Northeast 42nd Avenue,", Portland OR","1109 Northeast 42nd Avenue, Portland OR",20154922 Northeast Going Street,", Portland OR","4922 Northeast Going Street, Portland OR",201510945 Southwest 64th Avenue,", Portland OR","10945 Southwest 64th Avenue, Portland OR",20153106 Southeast Clinton Street,", Portland OR","3106 Southeast Clinton Street, Portland OR",20153015 Southwest Idaho Street,", Portland OR","3015 Southwest Idaho Street, Portland OR",20153934 Northeast 66th Avenue,", Portland OR","3934 Northeast 66th Avenue, Portland OR",20153110 Southeast Francis Street,", Portland OR","3110 Southeast Francis Street, Portland OR",20153731 Southeast Flavel Street,", Portland OR","3731 Southeast Flavel Street, Portland OR",20152959 Northwest Monte Vista Terrace,", Portland OR","2959 Northwest Monte Vista Terrace, Portland OR",20153930 Northeast 20th Avenue,", Portland OR","3930 Northeast 20th Avenue, Portland OR",20152025 North Alberta Street,", Portland OR","2025 North Alberta Street, Portland OR",20153116 North Vancouver Avenue,", Portland OR","3116 North Vancouver Avenue, Portland OR",20155624 Southeast 22nd Avenue,", Portland OR","5624 Southeast 22nd Avenue, Portland OR",20154833 Northeast 18th Avenue,", Portland OR","4833 Northeast 18th Avenue, Portland OR",20154942 Northeast 35th Avenue,", Portland OR","4942 Northeast 35th Avenue, Portland OR",20153037 Southeast Pine Street,", Portland OR","3037 Southeast Pine Street, Portland OR",20157405 Southeast 64th Avenue,", Portland OR","7405 Southeast 64th Avenue, Portland OR",201510931 Southwest 61st Avenue,", Portland OR","10931 Southwest 61st Avenue, Portland OR",20158952 North Fortune Avenue,", Portland OR","8952 North Fortune Avenue, Portland OR",20154233 Southeast Yamhill Street,", Portland OR","4233 Southeast Yamhill Street, Portland OR",20151939 Southwest Iowa Street,", Portland OR","1939 Southwest Iowa Street, Portland OR",20151807 North Kilpatrick Street,", Portland OR","1807 North Kilpatrick Street, Portland OR",20153738 Southeast Nehalem Street,", Portland OR","3738 Southeast Nehalem Street, Portland OR",20154060 Southeast Mall Street,", Portland OR","4060 Southeast Mall Street, Portland OR",20154123 North Michigan Avenue,", Portland OR","4123 North Michigan Avenue, Portland OR",20151525 Northeast Rosa Parks Way,", Portland OR","1525 Northeast Rosa Parks Way, Portland OR",20155834 North Mississippi Avenue,", Portland OR","5834 North Mississippi Avenue, Portland OR",2015750 Northeast 94th Avenue,", Portland OR","750 Northeast 94th Avenue, Portland OR",20154541 North Williams Avenue,", Portland OR","4541 North Williams Avenue, Portland OR",20154821 Southeast Brooklyn Street,", Portland OR","4821 Southeast Brooklyn Street, Portland OR",20156320 Southeast Carlton Street,", Portland OR","6320 Southeast Carlton Street, Portland OR",20153841 Southeast 150th Avenue,", Portland OR","3841 Southeast 150th Avenue, Portland OR",20152602 Northeast 13th Avenue,", Portland OR","2602 Northeast 13th Avenue, Portland OR",20157340 North Macrum Avenue,", Portland OR","7340 North Macrum Avenue, Portland OR",2015820 Northeast 69th Avenue,", Portland OR","820 Northeast 69th Avenue, Portland OR",20158249 Southeast Bush Street,", Portland OR","8249 Southeast Bush Street, Portland OR",20151721 Northeast Highland Street,", Portland OR","1721 Northeast Highland Street, Portland OR",201510923 Northeast Fremont Street,", Portland OR","10923 Northeast Fremont Street, Portland OR",20153810 Southeast 69th Avenue,", Portland OR","3810 Southeast 69th Avenue, Portland OR",201525 Southeast 143rd Avenue,", Portland OR","25 Southeast 143rd Avenue, Portland OR",201514232 East Burnside Street,", Portland OR","14232 East Burnside Street, Portland OR",201514238 East Burnside Street,", Portland OR","14238 East Burnside Street, Portland OR",20155258 Southwest Humphrey Boulevard,", Portland OR","5258 Southwest Humphrey Boulevard, Portland OR",20153914 North Gantenbein Avenue,", Portland OR","3914 North Gantenbein Avenue, Portland OR",20157912 Northeast Schuyler Street,", Portland OR","7912 Northeast Schuyler Street, Portland OR",201512036 Southeast Pine Street,", Portland OR","12036 Southeast Pine Street, Portland OR",20156108 Southeast Steele Street,", Portland OR","6108 Southeast Steele Street, Portland OR",20156419 Southeast Ramona Street,", Portland OR","6419 Southeast Ramona Street, Portland OR",20154425 Southeast 72nd Avenue,", Portland OR","4425 Southeast 72nd Avenue, Portland OR",2015727 Southeast 130th Avenue,", Portland OR","727 Southeast 130th Avenue, Portland OR",20154723 Northeast 13th Avenue,", Portland OR","4723 Northeast 13th Avenue, Portland OR",2015301 Southeast 97th Avenue,", Portland OR","301 Southeast 97th Avenue, Portland OR",20157604 Southeast Clay Street,", Portland OR","7604 Southeast Clay Street, Portland OR",20155327 North Vancouver Avenue,", Portland OR","5327 North Vancouver Avenue, Portland OR",20151340 Northeast Killingsworth Street,", Portland OR","1340 Northeast Killingsworth Street, Portland OR",20151924 Southeast 50th Avenue,", Portland OR","1924 Southeast 50th Avenue, Portland OR",20155804 Northeast 11th Avenue,", Portland OR","5804 Northeast 11th Avenue, Portland OR",20156903 Southeast Harold Street,", Portland OR","6903 Southeast Harold Street, Portland OR",20157558 Southeast Division Street,", Portland OR","7558 Southeast Division Street, Portland OR",20153405 Northeast 74th Avenue,", Portland OR","3405 Northeast 74th Avenue, Portland OR",20154813 Southeast Brooklyn Street,", Portland OR","4813 Southeast Brooklyn Street, Portland OR",20158911 North Haven Avenue,", Portland OR","8911 North Haven Avenue, Portland OR",20157650 North Decatur Street,", Portland OR","7650 North Decatur Street, Portland OR",20155036 North Albina Avenue,", Portland OR","5036 North Albina Avenue, Portland OR",20157534 Southwest 31st Avenue,", Portland OR","7534 Southwest 31st Avenue, Portland OR",20153408 North Hunt Street,", Portland OR","3408 North Hunt Street, Portland OR",2015934 Southeast Rex Street,", Portland OR","934 Southeast Rex Street, Portland OR",20151897 Southwest Greenwood Road,", Portland OR","1897 Southwest Greenwood Road, Portland OR",20152246 Northwest Pettygrove Street,", Portland OR","2246 Northwest Pettygrove Street, Portland OR",20157211 North Richards Street,", Portland OR","7211 North Richards Street, Portland OR",20157420 Southeast Milwaukie Avenue,", Portland OR","7420 Southeast Milwaukie Avenue, Portland OR",20153355 Southeast 16th Avenue,", Portland OR","3355 Southeast 16th Avenue, Portland OR",20151650 Southeast Harold Street,", Portland OR","1650 Southeast Harold Street, Portland OR",20156825 North Greenwich Avenue,", Portland OR","6825 North Greenwich Avenue, Portland OR",201515 Southwest Iowa Street,", Portland OR","15 Southwest Iowa Street, Portland OR",20154816 Northeast Campaign Street,", Portland OR","4816 Northeast Campaign Street, Portland OR",20153646 Southeast Martins Street,", Portland OR","3646 Southeast Martins Street, Portland OR",20152740 Southeast 26th Avenue,", Portland OR","2740 Southeast 26th Avenue, Portland OR",20155909 Southwest Nebraska Street,", Portland OR","5909 Southwest Nebraska Street, Portland OR",20152531 Southeast 18th Avenue,", Portland OR","2531 Southeast 18th Avenue, Portland OR",20157134 North Richmond Avenue,", Portland OR","7134 North Richmond Avenue, Portland OR",20154934 Northeast 41st Avenue,", Portland OR","4934 Northeast 41st Avenue, Portland OR",20152640 Southeast Ankeny Street,", Portland OR","2640 Southeast Ankeny Street, Portland OR",20152726 Southeast 26th Avenue,", Portland OR","2726 Southeast 26th Avenue, Portland OR",20153118 Southeast Woodward Street,", Portland OR","3118 Southeast Woodward Street, Portland OR",20155244 Northeast 32nd Avenue,", Portland OR","5244 Northeast 32nd Avenue, Portland OR",20155350 Southeast 18th Avenue,", Portland OR","5350 Southeast 18th Avenue, Portland OR",20151435 Northeast 72nd Avenue,", Portland OR","1435 Northeast 72nd Avenue, Portland OR",20153722 Southeast Taylor Street,", Portland OR","3722 Southeast Taylor Street, Portland OR",20156011 North Amherst Street,", Portland OR","6011 North Amherst Street, Portland OR",20152122 Northeast Alameda Street,", Portland OR","2122 Northeast Alameda Street, Portland OR",20152318 Northeast Rodney Avenue,", Portland OR","2318 Northeast Rodney Avenue, Portland OR",20151333 Southeast 84th Avenue,", Portland OR","1333 Southeast 84th Avenue, Portland OR",20156205 North Minnesota Avenue,", Portland OR","6205 North Minnesota Avenue, Portland OR",20158311 Southeast Brooklyn Street,", Portland OR","8311 Southeast Brooklyn Street, Portland OR",20153558 Northeast 44th Avenue,", Portland OR","3558 Northeast 44th Avenue, Portland OR",20155723 Southeast Ash Street,", Portland OR","5723 Southeast Ash Street, Portland OR",20152826 Southeast 49th Avenue,", Portland OR","2826 Southeast 49th Avenue, Portland OR",20152605 Southeast 21st Avenue,", Portland OR","2605 Southeast 21st Avenue, Portland OR",20157116 North Montana Avenue,", Portland OR","7116 North Montana Avenue, Portland OR",20156111 North Concord Avenue,", Portland OR","6111 North Concord Avenue, Portland OR",201511104 Northeast Fargo Street,", Portland OR","11104 Northeast Fargo Street, Portland OR",20153314 Northeast 75th Avenue,", Portland OR","3314 Northeast 75th Avenue, Portland OR",20151933 Northwest 23rd Place,", Portland OR","1933 Northwest 23rd Place, Portland OR",20155405 North Willamette Boulevard,", Portland OR","5405 North Willamette Boulevard, Portland OR",201532 North Cook Street,", Portland OR","32 North Cook Street, Portland OR",20156117 Southeast 65th Avenue,", Portland OR","6117 Southeast 65th Avenue, Portland OR",20159144 North Smith Street,", Portland OR","9144 North Smith Street, Portland OR",20151006 Northeast Emerson Street,", Portland OR","1006 Northeast Emerson Street, Portland OR",20155323 Northeast 12th Avenue,", Portland OR","5323 Northeast 12th Avenue, Portland OR",20155855 Northeast Prescott Street,", Portland OR","5855 Northeast Prescott Street, Portland OR",20153122 Northeast 44th Avenue,", Portland OR","3122 Northeast 44th Avenue, Portland OR",20151630 North Holman Street,", Portland OR","1630 North Holman Street, Portland OR",20154407 North Haight Avenue,", Portland OR","4407 North Haight Avenue, Portland OR",20154700 Southeast Rural Street,", Portland OR","4700 Southeast Rural Street, Portland OR",20152670 Northwest Beuhla Vista Terrace,", Portland OR","2670 Northwest Beuhla Vista Terrace, Portland OR",20153959 Northeast Mallory Avenue,", Portland OR","3959 Northeast Mallory Avenue, Portland OR",20153936 Southeast Reedway Street,", Portland OR","3936 Southeast Reedway Street, Portland OR",20153415 Southeast Division Street,", Portland OR","3415 Southeast Division Street, Portland OR",201521 Southwest Iowa Street,", Portland OR","21 Southwest Iowa Street, Portland OR",20153215 Southeast Brooklyn Street,", Portland OR","3215 Southeast Brooklyn Street, Portland OR",20154025 North Mississippi Avenue,", Portland OR","4025 North Mississippi Avenue, Portland OR",20155226 North Harvard Street,", Portland OR","5226 North Harvard Street, Portland OR",20157308 North Tyler Avenue,", Portland OR","7308 North Tyler Avenue, Portland OR",20152152 Southeast 130th Avenue,", Portland OR","2152 Southeast 130th Avenue, Portland OR",20153609 Southeast 67th Avenue,", Portland OR","3609 Southeast 67th Avenue, Portland OR",20151525 Southeast 35th Place,", Portland OR","1525 Southeast 35th Place, Portland OR",20157215 North Lancaster Avenue,", Portland OR","7215 North Lancaster Avenue, Portland OR",20153660 Southeast Nehalem Street,", Portland OR","3660 Southeast Nehalem Street, Portland OR",20154241 Northeast Ainsworth Street,", Portland OR","4241 Northeast Ainsworth Street, Portland OR",201510215 Southeast Ramona Street,", Portland OR","10215 Southeast Ramona Street, Portland OR",20157847 Southeast Raymond Street,", Portland OR","7847 Southeast Raymond Street, Portland OR",20153418 North Commercial Avenue,", Portland OR","3418 North Commercial Avenue, Portland OR",20153435 Northeast 51st Avenue,", Portland OR","3435 Northeast 51st Avenue, Portland OR",20155323 Northeast 12th Avenue,", Portland OR","5323 Northeast 12th Avenue, Portland OR",20154227 North Massachusetts Avenue,", Portland OR","4227 North Massachusetts Avenue, Portland OR",2015100 North Cook Street,", Portland OR","100 North Cook Street, Portland OR",20154210 Southeast 28th Avenue,", Portland OR","4210 Southeast 28th Avenue, Portland OR",20156709 North Montana Avenue,", Portland OR","6709 North Montana Avenue, Portland OR",20158236 Southwest 11th Avenue,", Portland OR","8236 Southwest 11th Avenue, Portland OR",20158226 Southeast 19th Avenue,", Portland OR","8226 Southeast 19th Avenue, Portland OR",20155243 Northeast 15th Avenue,", Portland OR","5243 Northeast 15th Avenue, Portland OR",20155245 Northeast 15th Avenue,", Portland OR","5245 Northeast 15th Avenue, Portland OR",20157305 Northeast Siskiyou Street,", Portland OR","7305 Northeast Siskiyou Street, Portland OR",20159411 North Tyler Avenue,", Portland OR","9411 North Tyler Avenue, Portland OR",20154650 Southwest Taylors Ferry Road,", Portland OR","4650 Southwest Taylors Ferry Road, Portland OR",20153139 Northeast 48th Avenue,", Portland OR","3139 Northeast 48th Avenue, Portland OR",20151537 Northeast 72nd Avenue,", Portland OR","1537 Northeast 72nd Avenue, Portland OR",20153327 Southeast 65th Avenue,", Portland OR","3327 Southeast 65th Avenue, Portland OR",20159509 Southwest 46th Avenue,", Portland OR","9509 Southwest 46th Avenue, Portland OR",20152534 North Argyle Street,", Portland OR","2534 North Argyle Street, Portland OR",20151113 North Terry Street,", Portland OR","1113 North Terry Street, Portland OR",20152403 Southeast Ankeny Street,", Portland OR","2403 Southeast Ankeny Street, Portland OR",201515535 Northeast Glisan Street,", Portland OR","15535 Northeast Glisan Street, Portland OR",20159024 Southeast Yamhill Street,", Portland OR","9024 Southeast Yamhill Street, Portland OR",20159635 Southwest 48th Avenue,", Portland OR","9635 Southwest 48th Avenue, Portland OR",20151706 Southeast 130th Avenue,", Portland OR","1706 Southeast 130th Avenue, Portland OR",20159418 North Macrum Avenue,", Portland OR","9418 North Macrum Avenue, Portland OR",20151507 Southeast Marion Street,", Portland OR","1507 Southeast Marion Street, Portland OR",20152238 Northeast Glisan Street,", Portland OR","2238 Northeast Glisan Street, Portland OR",201511405 Southeast Ramona Court,", Portland OR","11405 Southeast Ramona Court, Portland OR",20151459 Southeast Ankeny Street,", Portland OR","1459 Southeast Ankeny Street, Portland OR",20155000 Southeast Lincoln Street,", Portland OR","5000 Southeast Lincoln Street, Portland OR",20153225 Northeast 29th Avenue,", Portland OR","3225 Northeast 29th Avenue, Portland OR",20151144 Southeast Miller Street,", Portland OR","1144 Southeast Miller Street, Portland OR",20155217 Northeast 28th Avenue,", Portland OR","5217 Northeast 28th Avenue, Portland OR",2015"2637 N HALLECK ST, 97217 ะส1/2",2637 n halleck st,"2637 n halleck st, Portland OR","2657 N HALLECK ST, 97217 ะ 1/2",2657 n halleck st,"2657 n halleck st, Portland OR","3905 SE 28TH AVE, 97202 ะ 1/10",3905 se 28th ave,"3905 se 28th ave, Portland OR","5509 SE 67TH AVE, 97206 ะ 1/9",5509 se 67th ave,"5509 se 67th ave, Portland OR","4725 N CONGRESS AVE, 97217 ะ 1/7",4725 n congress ave,"4725 n congress ave, Portland OR","7313 N GREENWICH AVE, 97217 ะ 1/8",7313 n greenwich ave,"7313 n greenwich ave, Portland OR","7532 N INTERSTATE AVE, 97217 ะ 1/16",7532 n interstate ave,"7532 n interstate ave, Portland OR","5205 NE 112TH AVE, 97220 ะ 1/14",5205 ne 112th ave,"5205 ne 112th ave, Portland OR","8028 N LOMBARD WAY, 97203 ะ 1/15",8028 n lombard way,"8028 n lombard way, Portland OR","3945 SW DOLPH CT, 97219 ะ 1/17",3945 sw dolph ct,"3945 sw dolph ct, Portland OR","5213 NE 112TH AVE, 97220 ะ 1/14",5213 ne 112th ave,"5213 ne 112th ave, Portland OR","13015 SE SHERMAN ST, 97233 ะ 1/15",13015 se sherman st,"13015 se sherman st, Portland OR","5414 SW ORCHID ST, 97219 ะ 1/24",5414 sw orchid st,"5414 sw orchid st, Portland OR","7539 SW 35TH AVE, 97219 ะ 1/22",7539 sw 35th ave,"7539 sw 35th ave, Portland OR","9639 SE FOSTER RD, 97266 ะ 1/24",9639 se foster rd,"9639 se foster rd, Portland OR","4011 SE 174TH AVE, 97236 ะ 1/24",4011 se 174th ave,"4011 se 174th ave, Portland OR","2629 SE 167TH AVE, 97236 ะ 1/28",2629 se 167th ave,"2629 se 167th ave, Portland OR","6331 SE 15TH AVE, 97202 ะ 1/31",6331 se 15th ave,"6331 se 15th ave, Portland OR","5124 NE MASON ST, 97218 ะ 1/29",5124 ne mason st,"5124 ne mason st, Portland OR","11575 SW 16TH DR ะ Unit A, 97219 ะ 1/30",11575 sw 16th dr ะ unit a,"11575 sw 16th dr , Portland OR","9722 N JERSEY ST, 97203 ะ 1/31",9722 n jersey st,"9722 n jersey st, Portland OR","4820 NE RODNEY AVE, 97211 ะ 1/28",4820 ne rodney ave,"4820 ne rodney ave, Portland OR","4430 SE CRYSTAL SPRINGS BLVD, 97206 ะ 1/31",4430 se crystal springs blvd,"4430 se crystal springs blvd, Portland OR","2031 NE 60TH AVE, 97213 ะ 1/28",2031 ne 60th ave,"2031 ne 60th ave, Portland OR","1825 SE SPOKANE ST, 97202 ะ 1/28",1825 se spokane st,"1825 se spokane st, Portland OR","3309 SE RAYMOND ST, 97202 ะ 1/28",3309 se raymond st,"3309 se raymond st, Portland OR","3125 NE 29TH AVE, 97212 ะ 1/31",3125 ne 29th ave,"3125 ne 29th ave, Portland OR","7100 SE CORA ST, 97206 ะ 2/5",7100 se cora st,"7100 se cora st, Portland OR","4205 SE 16TH AVE, 97202 ะ 2/6",4205 se 16th ave,"4205 se 16th ave, Portland OR","9041 N OSWEGO AVE, 97203 ะ 2/6",9041 n oswego ave,"9041 n oswego ave, Portland OR","7539 SW 35TH AVE, 97219 ะ 2/6",7539 sw 35th ave,"7539 sw 35th ave, Portland OR","5625 N DEPAUW ST, 97203 ะ 2/6",5625 n depauw st,"5625 n depauw st, Portland OR","3419 NE 35TH PL, 97212 ะ 2/5",3419 ne 35th pl,"3419 ne 35th pl, Portland OR",18100 NW GILLIHAN RD ะ 2/5,18100 nw gillihan rd ะ 2/5,"18100 nw gillihan rd , Portland OR","2808 SE BELMONT ST, 97214 ะ 2/4",2808 se belmont st,"2808 se belmont st, Portland OR","10654 SW BOONES FERRY RD, 97219 ะ 2/14",10654 sw boones ferry rd,"10654 sw boones ferry rd, Portland OR","7124 N RICHMOND AVE, 97203 ะ 2/14",7124 n richmond ave,"7124 n richmond ave, Portland OR","3620 SW HILLSIDE DR, 97221 ะ 2/14",3620 sw hillside dr,"3620 sw hillside dr, Portland OR","4616 NE SKIDMORE ST, 97218 ะ 2/12",4616 ne skidmore st,"4616 ne skidmore st, Portland OR","6129 SW 46TH AVE, 97221 ะ 2/14",6129 sw 46th ave,"6129 sw 46th ave, Portland OR","10830 SW 61ST AVE, 97219 ะ 2/18",10830 sw 61st ave,"10830 sw 61st ave, Portland OR","715 N BLANDENA ST ะ Unit A, 97217 ะ 2/20",715 n blandena st ะ unit a,"715 n blandena st , Portland OR","7409 N OLIN AVE, 97203 ะ 2/19",7409 n olin ave,"7409 n olin ave, Portland OR","1714 NE HIGHLAND ST, 97211 ะ 2/20",1714 ne highland st,"1714 ne highland st, Portland OR","7966 SE 7TH AVE, 97202 ะ 2/19",7966 se 7th ave,"7966 se 7th ave, Portland OR","8811 SE BROOKLYN ST, 97266 ะ 2/21",8811 se brooklyn st,"8811 se brooklyn st, Portland OR","4535 SW 60TH PL, 97221 ะ 2/18",4535 sw 60th pl,"4535 sw 60th pl, Portland OR","8101 SE LUTHER RD, 97206 ะ 2/25",8101 se luther rd,"8101 se luther rd, Portland OR","3552 NE 45TH AVE, 97213 ะ 2/25",3552 ne 45th ave,"3552 ne 45th ave, Portland OR","7028 N MOBILE AVE, 97217 ะ 2/26",7028 n mobile ave,"7028 n mobile ave, Portland OR","1606 NE GOING ST, 97211 ะ 3/5",1606 ne going st,"1606 ne going st, Portland OR","9301 N BURR AVE, 97203 ะ 3/7",9301 n burr ave,"9301 n burr ave, Portland OR","4260 SW CARSON ST, 97219 ะ 3/6",4260 sw carson st,"4260 sw carson st, Portland OR","7226 N VANCOUVER AVE, 97217 ะ 3/4",7226 n vancouver ave,"7226 n vancouver ave, Portland OR","713 N HUMBOLDT ST, 97217 ะ 3/12",713 n humboldt st,"713 n humboldt st, Portland OR","1515 SW CARDINELL DR, 97201 ะ 3/13",1515 sw cardinell dr,"1515 sw cardinell dr, Portland OR","7087 NE 8TH AVE, 97211 ะ 3/14",7087 ne 8th ave,"7087 ne 8th ave, Portland OR","6618 SE HAROLD ST, 97206 ะ 3/14",6618 se harold st,"6618 se harold st, Portland OR","2512 SE 58TH AVE, 97206 ะ 3/12",2512 se 58th ave,"2512 se 58th ave, Portland OR",5825 NE 29TH AVE ะ 3/13,5825 ne 29th ave ะ 3/13,"5825 ne 29th ave , Portland OR","5245 SW CUSTER ST, 97219 ะ 3/12",5245 sw custer st,"5245 sw custer st, Portland OR","1114 SE REX ST, 97202 ะ 3/20",1114 se rex st,"1114 se rex st, Portland OR","8910 SE RHONE ST, 97266 ะ 3/20",8910 se rhone st,"8910 se rhone st, Portland OR","7520 SW 51ST AVE, 97219 ะ 3/19",7520 sw 51st ave,"7520 sw 51st ave, Portland OR","602 SE 117TH AVE, 97216 ะ 3/20",602 se 117th ave,"602 se 117th ave, Portland OR","5024 SE MILL ST, 97215 ะ 3/26",5024 se mill st,"5024 se mill st, Portland OR","3646 NE 44TH AVE, 97213 ะ 3/26",3646 ne 44th ave,"3646 ne 44th ave, Portland OR","7311 N FISKE AVE, 97203 ะ 3/26",7311 n fiske ave,"7311 n fiske ave, Portland OR","1816 SE 50TH AVE, 97215 ะ 3/26",1816 se 50th ave,"1816 se 50th ave, Portland OR","611 NE 79TH AVE, 97213 ะ 3/27",611 ne 79th ave,"611 ne 79th ave, Portland OR","5732 N INTERSTATE AVE, 97217 ะ 4/1",5732 n interstate ave,"5732 n interstate ave, Portland OR","2139 N WATTS ST, 97217 ะ 4/2",2139 n watts st,"2139 n watts st, Portland OR","7945 SE RHINE ST, 97206 ะ 4/2",7945 se rhine st,"7945 se rhine st, Portland OR","7307 N NEWELL AVE, 97203 ะ 4/2",7307 n newell ave,"7307 n newell ave, Portland OR","3407 SE WOODWARD ST, 97202 ะ 4/1",3407 se woodward st,"3407 se woodward st, Portland OR","6125 SE HAROLD ST, 97206 ะ 4/1",6125 se harold st,"6125 se harold st, Portland OR","6875 SW CAPITOL HILL RD, 97219 ะ 4/9",6875 sw capitol hill rd,"6875 sw capitol hill rd, Portland OR","6238 NE 17TH AVE, 97211 ะ 4/10",6238 ne 17th ave,"6238 ne 17th ave, Portland OR","204 NE 57TH AVE, 97213 ะ 4/10",204 ne 57th ave,"204 ne 57th ave, Portland OR","2025 SE HAROLD ST, 97202 ะ 4/9",2025 se harold st,"2025 se harold st, Portland OR","1525 NW 24TH AVE, 97210 ะ 4/9",1525 nw 24th ave,"1525 nw 24th ave, Portland OR","1507 NW 24TH AVE, 97210 ะ 4/9",1507 nw 24th ave,"1507 nw 24th ave, Portland OR","6205 SE 90TH AVE, 97266 ะ 4/11",6205 se 90th ave,"6205 se 90th ave, Portland OR","4046 SE CARUTHERS ST, 97214 ะ 4/10",4046 se caruthers st,"4046 se caruthers st, Portland OR","5126 NE 21ST AVE, 97211 ะ 4/14",5126 ne 21st ave,"5126 ne 21st ave, Portland OR","4119 SE 92ND AVE, 97266 ะ 4/18",4119 se 92nd ave,"4119 se 92nd ave, Portland OR","6020 SE RAYMOND ST, 97206 ะ 4/16",6020 se raymond st,"6020 se raymond st, Portland OR","4222 SW ALICE ST, 97219 ะ 4/22",4222 sw alice st,"4222 sw alice st, Portland OR","3019 NE M L KING BLVD, 97212 ะ 4/24",3019 ne m l king blvd,"3019 ne m l king blvd, Portland OR","5207 SE 80TH AVE, 97206 ะ 4/25",5207 se 80th ave,"5207 se 80th ave, Portland OR","6426 NE 22ND AVE, 97211 ะ 4/25",6426 ne 22nd ave,"6426 ne 22nd ave, Portland OR","11760 SE WASHINGTON ST, 97216 ะ 4/22",11760 se washington st,"11760 se washington st, Portland OR","5108 SE TENINO CT, 97206 ะ 4/28",5108 se tenino ct,"5108 se tenino ct, Portland OR","8333 SW 7TH AVE, 97219 ะ 5/1",8333 sw 7th ave,"8333 sw 7th ave, Portland OR","8958 N COURTENAY AVE, 97203 ะ 4/29",8958 n courtenay ave,"8958 n courtenay ave, Portland OR","1521 NE 41ST AVE, 97232 ะ 5/1",1521 ne 41st ave,"1521 ne 41st ave, Portland OR","655 SE 68TH AVE, 97215 ะ 4/29",655 se 68th ave,"655 se 68th ave, Portland OR","1936 SE MILLER ST, 97202 ะ 4/30",1936 se miller st,"1936 se miller st, Portland OR","11241 NE SACRAMENTO ST, 97220 ะ 4/28",11241 ne sacramento st,"11241 ne sacramento st, Portland OR","4821 NE GRAND AVE, 97211 ะ 5/6",4821 ne grand ave,"4821 ne grand ave, Portland OR","4304 SE 16TH AVE, 97202 ะ 5/8",4304 se 16th ave,"4304 se 16th ave, Portland OR","13708 SE CLAYBOURNE ST, 97236 ะ 5/8",13708 se claybourne st,"13708 se claybourne st, Portland OR","4525 NE 34TH AVE, 97211 ะ 5/7",4525 ne 34th ave,"4525 ne 34th ave, Portland OR","1212 SE HARNEY ST, 97202 ะ 5/14",1212 se harney st,"1212 se harney st, Portland OR","4820 SE BROOKLYN ST, 97206 ะ 5/14",4820 se brooklyn st,"4820 se brooklyn st, Portland OR","6123 N GAY AVE, 97217 ะ 5/16",6123 n gay ave,"6123 n gay ave, Portland OR","2139 SE TIBBETTS ST, 97202 ะ 5/12",2139 se tibbetts st,"2139 se tibbetts st, Portland OR","1427 SW HUME CT, 97219 ะ 5/13",1427 sw hume ct,"1427 sw hume ct, Portland OR","6904 N GREENWICH AVE, 97217 ะ 5/21",6904 n greenwich ave,"6904 n greenwich ave, Portland OR","3824 NE 8TH AVE, 97212 ะ 5/22",3824 ne 8th ave,"3824 ne 8th ave, Portland OR","9213 N OSWEGO AVE, 97203 ะ 5/19",9213 n oswego ave,"9213 n oswego ave, Portland OR","1314 NE DEKUM ST, 97211 ะ 5/22",1314 ne dekum st,"1314 ne dekum st, Portland OR","2116 NE ROSA PARKS WAY, 97211 ะ 5/23",2116 ne rosa parks way,"2116 ne rosa parks way, Portland OR","4744 NE 33RD AVE, 97211 ะ 5/23",4744 ne 33rd ave,"4744 ne 33rd ave, Portland OR","8955 N CLARENDON AVE, 97203 ะ 5/19",8955 n clarendon ave,"8955 n clarendon ave, Portland OR","7032 NE 15TH AVE, 97211 ะ 5/27",7032 ne 15th ave,"7032 ne 15th ave, Portland OR",1325 SE CLATSOP ST ะ 5/29,1325 se clatsop st ะ 5/29,"1325 se clatsop st , Portland OR","2625 SW TROY ST, 97219 ะ 5/30",2625 sw troy st,"2625 sw troy st, Portland OR","8953 N COURTENAY AVE, 97203 ะ 6/5",8953 n courtenay ave,"8953 n courtenay ave, Portland OR","5000 SW HUMPHREY BLVD, 97221 ะ 6/2",5000 sw humphrey blvd,"5000 sw humphrey blvd, Portland OR","3526 SE 14TH AVE, 97202 ะ 6/6",3526 se 14th ave,"3526 se 14th ave, Portland OR","4234 SE 16TH AVE, 97202 ะ 6/6",4234 se 16th ave,"4234 se 16th ave, Portland OR","5024 SE MILL ST, 97215 ะ 6/4",5024 se mill st,"5024 se mill st, Portland OR","3330 NE SHAVER ST, 97212 ะ 6/9",3330 ne shaver st,"3330 ne shaver st, Portland OR","8448 SE 60TH AVE, 97206 ะ 6/10",8448 se 60th ave,"8448 se 60th ave, Portland OR","4025 NE RODNEY AVE, 97212 ะ 6/9",4025 ne rodney ave,"4025 ne rodney ave, Portland OR","3623 NE 14TH AVE, 97212 ะ 6/16",3623 ne 14th ave,"3623 ne 14th ave, Portland OR","11062 SW 16TH DR, 97219 ะ 6/18",11062 sw 16th dr,"11062 sw 16th dr, Portland OR","1627 NW 32ND AVE, 97210 ะ 6/16",1627 nw 32nd ave,"1627 nw 32nd ave, Portland OR","5041 SE ELLIS ST, 97206 ะ 6/16",5041 se ellis st,"5041 se ellis st, Portland OR","6815 N HAIGHT AVE, 97217 ะ 6/19",6815 n haight ave,"6815 n haight ave, Portland OR","3764 SE STEPHENS ST, 97214 ะ 6/25",3764 se stephens st,"3764 se stephens st, Portland OR","5119 NE 35TH AVE, 97211 ะ 7/2",5119 ne 35th ave,"5119 ne 35th ave, Portland OR","3203 SW SPRING GARDEN ST, 97219 ะ 7/2",3203 sw spring garden st,"3203 sw spring garden st, Portland OR","4415 NE 73RD AVE, 97218 ะ 6/30",4415 ne 73rd ave,"4415 ne 73rd ave, Portland OR","15902 SE ALDER ST, 97233 ะ 7/3",15902 se alder st,"15902 se alder st, Portland OR","10829 NW FRONT AVE, 97231 ะ 7/7 ะ duplex",10829 nw front ave,"10829 nw front ave, Portland OR","691 NE SKIDMORE ST, 97211 ะ duplex",691 ne skidmore st,"691 ne skidmore st, Portland OR","7224 N BOSTON AVE, 97217 ะ 7/9",7224 n boston ave,"7224 n boston ave, Portland OR","5129 SE ELLIS ST, 97206 ะ 7/9",5129 se ellis st,"5129 se ellis st, Portland OR","16542 SE STEPHENS ST, 97233 ะ 7/11",16542 se stephens st,"16542 se stephens st, Portland OR","307 NE 160TH AVE, 97230 ะ 7/11",307 ne 160th ave,"307 ne 160th ave, Portland OR",15322 NW SAUVIE ISLAND RD ะ 7/11,15322 nw sauvie island rd ะ 7/11,"15322 nw sauvie island rd , Portland OR","7434 SE CENTER ST, 97206 ะ 7/8",7434 se center st,"7434 se center st, Portland OR","325 NE 57TH AVE, 97213 ะ 7/7",325 ne 57th ave,"325 ne 57th ave, Portland OR","7405 N OLIN AVE, 97203 ะ 7/9",7405 n olin ave,"7405 n olin ave, Portland OR","10837 NW FRONT AVE, 97231 ะ 7/7",10837 nw front ave,"10837 nw front ave, Portland OR","8137 SE ASH ST, 97215 ะ 7/8",8137 se ash st,"8137 se ash st, Portland OR","8125 SE ASH ST, 97215 ะ 7/8 ะ 150",8125 se ash st,"8125 se ash st, Portland OR","5528 SE INSLEY ST, 97206 ะ 7/9",5528 se insley st,"5528 se insley st, Portland OR","3614 NE RODNEY AVE, 97212 ะ 7/14",3614 ne rodney ave,"3614 ne rodney ave, Portland OR","5503 SE HENDERSON ST, 97206 ะ 7/15",5503 se henderson st,"5503 se henderson st, Portland OR","3620 SE RURAL ST, 97202 ะ 7/15",3620 se rural st,"3620 se rural st, Portland OR",1835 SE CLATSOP ST ะ 7/25,1835 se clatsop st ะ 7/25,"1835 se clatsop st , Portland OR","5212 NE 28TH AVE, 97211 ะ 7/24",5212 ne 28th ave,"5212 ne 28th ave, Portland OR","426 NE 81ST AVE, 97213 ะ 7/21",426 ne 81st ave,"426 ne 81st ave, Portland OR","8109 SE LAMBERT ST, 97206 ะ 7/23",8109 se lambert st,"8109 se lambert st, Portland OR","8424 SW 57TH AVE ะ Unit A, 97219 ะ 7/24",8424 sw 57th ave ะ unit a,"8424 sw 57th ave , Portland OR","8527 SE CLINTON ST, 97266 ะ 7/25",8527 se clinton st,"8527 se clinton st, Portland OR","2025 NE 55TH AVE, 97213 ะ 7/24",2025 ne 55th ave,"2025 ne 55th ave, Portland OR","3805 SE 31ST AVE, 97202 ะ 7/22",3805 se 31st ave,"3805 se 31st ave, Portland OR","12743 SW 22ND AVE, 97034 ะ 7/23",12743 sw 22nd ave,"12743 sw 22nd ave, Portland OR","416 NE 81ST AVE, 97213 ะ 7/21",416 ne 81st ave,"416 ne 81st ave, Portland OR","2924 SE 145TH AVE, 97236 ะ 8/1",2924 se 145th ave,"2924 se 145th ave, Portland OR","3806 SE RURAL ST, 97202 ะ 7/31",3806 se rural st,"3806 se rural st, Portland OR","3519 N ALBINA AVE, 97227 ะ 7/31",3519 n albina ave,"3519 n albina ave, Portland OR","4133 N KERBY AVE, 97217 ะ 7/30",4133 n kerby ave,"4133 n kerby ave, Portland OR","8072 SE 6TH AVE, 97202 ะ 7/29",8072 se 6th ave,"8072 se 6th ave, Portland OR","6531 SE 21ST AVE, 97202 ะ 8/1",6531 se 21st ave,"6531 se 21st ave, Portland OR","11225 NE PRESCOTT ST, 97220 ะ 8/1",11225 ne prescott st,"11225 ne prescott st, Portland OR","8315 NE BRAZEE ST, 97220 ะ 8/8",8315 ne brazee st,"8315 ne brazee st, Portland OR","5264 SE 69TH AVE, 97206 ะ 8/8",5264 se 69th ave,"5264 se 69th ave, Portland OR","6416 NE 35TH AVE, 97211 ะ 8/6",6416 ne 35th ave,"6416 ne 35th ave, Portland OR","3832 SE WOODSTOCK BLVD, 97202 ะ 8/6",3832 se woodstock blvd,"3832 se woodstock blvd, Portland OR","4419 SW FLOWER ST, 97221 ะ 8/7",4419 sw flower st,"4419 sw flower st, Portland OR","3206 NE GLISAN ST, 97232 ะ 8/15",3206 ne glisan st,"3206 ne glisan st, Portland OR","315 NE 57TH AVE, 97213 ะ 8/13",315 ne 57th ave,"315 ne 57th ave, Portland OR","8109 SE LAMBERT ST, 97206 ะ 8/15",8109 se lambert st,"8109 se lambert st, Portland OR","7110 SE REED COLLEGE PL, 97202 ะ 8/13",7110 se reed college pl,"7110 se reed college pl, Portland OR","3960 NE CESAR E CHAVEZ BLVD, 97212 ะ 8/11",3960 ne cesar e chavez blvd,"3960 ne cesar e chavez blvd, Portland OR","5135 NE 112TH AVE, 97220 ะ 8/12",5135 ne 112th ave,"5135 ne 112th ave, Portland OR","3524 SW LOGAN ST, 97219 ะ 8/18",3524 sw logan st,"3524 sw logan st, Portland OR","1516 SE 117TH AVE, 97216 ะ 8/25",1516 se 117th ave,"1516 se 117th ave, Portland OR","6209 SW 21ST AVE, 97201 ะ 8/25",6209 sw 21st ave,"6209 sw 21st ave, Portland OR","7104 NE SISKIYOU ST, 97213 ะ 8/25",7104 ne siskiyou st,"7104 ne siskiyou st, Portland OR","1917 SE 37TH AVE, 97214 ะ 8/25",1917 se 37th ave,"1917 se 37th ave, Portland OR","1807 SW MARKET ST, 97201 ะ 9/3",1807 sw market st,"1807 sw market st, Portland OR","1811 SW MARKET ST, 97201 ะ 9/3",1811 sw market st,"1811 sw market st, Portland OR","7411 N IDA AVE, 97203 ะ 9/2",7411 n ida ave,"7411 n ida ave, Portland OR","2301 SE 77TH AVE, 97215 ะ 9/3",2301 se 77th ave,"2301 se 77th ave, Portland OR","3003 NE DEKUM ST, 97211 ะ 9/2",3003 ne dekum st,"3003 ne dekum st, Portland OR","1248 SW HUME CT, 97219 ะ 9/3",1248 sw hume ct,"1248 sw hume ct, Portland OR","2248 NE GLISAN ST, 97232 ะ 9/10",2248 ne glisan st,"2248 ne glisan st, Portland OR",
